1712269066.8841188,17:17:46,0.00575508177280426,-0.08915980905294418,0.43221938610076904,-0.01325896941125393,-0.19816653430461884,-0.31926804780960083,104.2739028930664,27.64641571044922,36.30356979370117,0.012124272994697094,-0.011029411107301712,0.03324802219867706
1712269066.9853141,17:17:46,0.0013841334730386734,-0.03647446632385254,0.427944153547287,-0.013433913700282574,-0.18675731122493744,-0.31451085209846497,168.75416564941406,44.80854797363281,58.55577087402344,0.008489018306136131,0.016109608113765717,0.03376361355185509
1712269067.090329,17:17:47,-0.0006979454774409533,-0.027018124237656593,0.41136443614959717,-0.012198960408568382,-0.17392900586128235,-0.31135591864585876,195.31979370117188,51.693050384521484,67.69535064697266,0.2486780732870102,0.00668150931596756,-0.20617170631885529
1712269067.1912994,17:17:47,0.00043709477176889777,0.02403518743813038,0.43858015537261963,-0.018946904689073563,-0.1465478539466858,-0.3153461217880249,206.34205627441406,54.84172821044922,71.51863098144531,-0.007975785061717033,-0.09535527229309082,0.018086612224578857
1712269067.296435,17:17:47,0.0018940774025395513,-0.022965405136346817,0.4336792826652527,-0.02397150732576847,-0.14270010590553284,-0.3110381066799164,210.9231719970703,56.038734436035156,72.79729461669922,0.06572066992521286,-0.010656759142875671,0.08242342621088028
1712269067.397794,17:17:47,-0.0016285395249724388,0.010972585529088974,0.4287783205509186,-0.021754251793026924,-0.12701722979545593,-0.3018685579299927,212.63473510742188,56.40193557739258,73.0434341430664,0.0035134153440594673,0.0027520954608917236,-0.02117343060672283
1712269067.5035782,17:17:47,0.0007284912862814963,-0.005403624847531319,0.4263800382614136,-0.021910540759563446,-0.11970922350883484,-0.3005930185317993,213.320068359375,56.8002815246582,73.135986328125,0.03346146643161774,0.007537476718425751,0.047439463436603546
1712269067.6062062,17:17:47,7.284912862814963e-05,-0.003377265529707074,0.42742273211479187,-0.020880455151200294,-0.11094308644533157,-0.2944049537181854,214.0054931640625,57.00295639038086,73.22268676757812,0.0027774665504693985,-0.004921328276395798,0.005768866278231144
1712269067.7072213,17:17:47,0.00247687054798007,-0.027018124237656593,0.42721423506736755,-0.02161831595003605,-0.1033545434474945,-0.29291924834251404,214.01126098632812,57.02226638793945,73.5769271850586,0.019948270171880722,-0.0046707987785339355,0.027840441092848778
1712269067.8120115,17:17:47,0.00021854738588444889,-0.0006754531059414148,0.42523297667503357,-0.020617786794900894,-0.09356986731290817,-0.2894769608974457,213.99388122558594,56.99589920043945,73.5965576171875,0.02781071700155735,-0.054055456072092056,-0.0334615558385849
1712269067.9125881,17:17:47,0.007139214780181646,0.0002612520183902234,0.4277355968952179,-0.022121453657746315,-0.08613350987434387,-0.28834447264671326,213.92022705078125,56.656986236572266,73.75022888183594,0.000904841348528862,-0.06312653422355652,0.04089892655611038
1712269068.017315,17:17:48,-0.0004652969946619123,-0.04390444979071617,0.42627573013305664,-0.022692319005727768,-0.08624904602766037,-0.2854093015193939,214.10496520996094,57.07202911376953,73.81163024902344,0.051103368401527405,0.013671405613422394,0.05650509148836136
1712269068.1220758,17:17:48,-0.0034897273872047663,0.0010450080735608935,0.40072840452194214,-0.022391950711607933,-0.08053755760192871,-0.2816992402076721,214.04112243652344,56.98725509643555,73.69734954833984,0.023826656863093376,-0.015060361474752426,0.002796117216348648
1712269068.2233193,17:17:48,0.0043709478341042995,-0.052009887993335724,0.42721423506736755,-0.02274715155363083,-0.08071937412023544,-0.2810770869255066,214.01641845703125,57.06462097167969,73.92282104492188,0.022812629118561745,-0.03718366101384163,0.04928295686841011
1712269068.328128,17:17:48,0.0014569825725629926,0.0005225040367804468,0.4291954040527344,-0.022310947999358177,-0.07437144219875336,-0.27595874667167664,213.92031860351562,57.01419448852539,74.37052154541016,0.026318809017539024,0.0034938156604766846,0.02203909307718277
1712269068.429294,17:17:48,-0.0004652969946619123,0.013062601909041405,0.4288826286792755,-0.021012036129832268,-0.0661112442612648,-0.2728482484817505,213.74937438964844,56.590606689453125,74.25311279296875,0.016866518184542656,-0.003523200750350952,-0.008883409202098846
1712269068.5342202,17:17:48,7.284912862814963e-05,-0.008105437271296978,0.4269014000892639,-0.02078402042388916,-0.06187134236097336,-0.27294430136680603,213.58120727539062,56.57313919067383,74.02680969238281,0.039046019315719604,0.022821543738245964,0.018432844430208206
1712269068.6347651,17:17:48,-0.0006979454774409533,-0.013509062118828297,0.42450305819511414,-0.02170213870704174,-0.06051163002848625,-0.2743184268474579,213.42913818359375,56.63815689086914,73.85307312011719,0.04426780343055725,-0.0029642879962921143,0.007334173657000065
1712269068.7395413,17:17:48,0.0014569825725629926,-0.016886327415704727,0.430655300617218,-0.02100340463221073,-0.05592853203415871,-0.2753501832485199,213.63174438476562,56.7458381652832,74.45968627929688,0.016751110553741455,0.016792017966508865,0.051550716161727905
1712269068.8400717,17:17:48,-0.0012795667862519622,0.003918780479580164,0.4222090244293213,-0.021026158705353737,-0.052805349230766296,-0.2685090899467468,213.8610076904297,56.59398651123047,74.48377990722656,0.026352033019065857,0.02018355205655098,-0.041006673127412796
1712269068.9448318,17:17:48,0.0016026808880269527,-0.012158156372606754,0.4271099269390106,-0.022696934640407562,-0.04972850903868675,-0.2681286334991455,213.51300048828125,56.66484451293945,74.20036315917969,0.0312550887465477,0.047822222113609314,-0.006836597807705402
1712269069.0497081,17:17:49,0.007794857025146484,0.001828764216043055,0.4376417100429535,-0.023134596645832062,-0.04713486507534981,-0.2664234936237335,213.9482421875,56.90312576293945,73.90917205810547,-0.06750160455703735,0.014075212180614471,0.027751676738262177
1712269069.150738,17:17:49,0.003351059975102544,0.0007837560842745006,0.422417551279068,-0.020003467798233032,-0.04627111554145813,-0.2620423138141632,213.72573852539062,56.70235824584961,73.81001281738281,0.009913954883813858,0.0016649402678012848,-0.0017349100671708584
1712269069.255795,17:17:49,0.01813943311572075,0.013323853723704815,0.4281526803970337,-0.02078631892800331,-0.040635887533426285,-0.2615712881088257,213.4092254638672,56.499881744384766,74.2080078125,-0.023855697363615036,-0.0775812566280365,-0.05273553729057312
1712269069.3564272,17:17:49,0.011801558546721935,-0.016886327415704727,0.42450305819511414,-0.021507536992430687,-0.04633195325732231,-0.26448744535446167,213.92190551757812,56.82529830932617,73.8268051147461,0.029355302453041077,-0.027399782091379166,0.022834334522485733
1712269069.4612238,17:17:49,-0.029081061482429504,-0.0175617802888155,0.4265885651111603,-0.016952861100435257,-0.04250221699476242,-0.2632690370082855,214.07228088378906,56.46959686279297,73.09715270996094,0.03210419416427612,0.0300215482711792,-0.053523819893598557
1712269069.5618405,17:17:49,0.004808042664080858,0.001828764216043055,0.4275270104408264,-0.016208818182349205,-0.03833058476448059,-0.26492127776145935,214.3948211669922,56.79909896850586,73.0638198852539,0.052151743322610855,-0.012187279760837555,-0.045022621750831604
1712269069.6665163,17:17:49,0.00043709477176889777,-0.021614499390125275,0.42742273211479187,-0.01755583845078945,-0.039199523627758026,-0.2716720700263977,214.49244689941406,56.96116256713867,72.8011245727539,0.05907519534230232,0.004222840070724487,0.04400470107793808
1712269069.7712302,17:17:49,0.0026225687470287085,-0.029044482856988907,0.4283612370491028,-0.016036413609981537,-0.037170976400375366,-0.26829978823661804,214.26480102539062,57.157554626464844,72.98533630371094,-0.09717203676700592,0.00893716886639595,-0.024122651666402817
1712269069.871753,17:17:49,0.002331172116100788,0.015413870103657246,0.4239816963672638,-0.01478535495698452,-0.03639518469572067,-0.2686920762062073,213.74549865722656,57.455322265625,73.03155517578125,-0.024160869419574738,-0.020757094025611877,-0.03242124617099762
1712269069.9538052,17:17:49,0.001675529987551272,-0.04457990452647209,0.4362861216068268,-0.00943710096180439,-0.04127299040555954,-0.2760362923145294,213.79385375976562,57.14263916015625,73.47081756591797,-0.07453188300132751,0.062035102397203445,-0.07912001013755798
1712269070.0135493,17:17:50,-0.000581621250603348,-0.10131797194480896,0.43044671416282654,-0.004425210412591696,-0.05822649970650673,-0.28371596336364746,213.61192321777344,57.12540054321289,73.76233673095703,0.05955812335014343,0.06687065958976746,-0.11000803112983704
1712269070.066398,17:17:50,-0.0036060516722500324,-0.2242504358291626,0.418038010597229,0.0031503678765147924,-0.08188783377408981,-0.29706302285194397,213.6037139892578,56.70066833496094,73.04539489746094,0.420884907245636,0.30449724197387695,-0.1830064356327057
1712269070.1260588,17:17:50,-0.03233814239501953,0.006008796859532595,0.43597331643104553,0.019967304542660713,-0.06711395829916,-0.3046587407588959,213.16201782226562,56.60213851928711,73.70613098144531,-0.18369999527931213,-0.05508691817522049,0.037382494658231735
1712269070.2267249,17:17:50,-0.028615765273571014,-0.10401977598667145,0.40823617577552795,0.021395262330770493,-0.09029439836740494,-0.2979554533958435,212.9847869873047,56.47505187988281,74.00637817382812,0.039589773863554,-0.000516742467880249,0.16724364459514618
1712269070.3273578,17:17:50,-0.031174900010228157,-0.02499176561832428,0.41616109013557434,0.024886133149266243,-0.09034682810306549,-0.28229033946990967,213.10169982910156,56.645965576171875,73.82958984375,0.14389754831790924,-0.03624348342418671,0.26005128026008606
1712269070.4326413,17:17:50,-0.04466851055622101,0.04598035663366318,0.4270056486129761,0.016870079562067986,-0.07467515766620636,-0.2615274488925934,212.7798309326172,56.97200393676758,73.84567260742188,0.09930439293384552,0.16259315609931946,0.17850078642368317
1712269070.53337,17:17:50,-0.03606051951646805,0.03265650197863579,0.4292997121810913,0.02158975787460804,-0.06398721784353256,-0.24364405870437622,212.6943817138672,56.438743591308594,73.65158081054688,0.14091187715530396,0.15595661103725433,0.18804404139518738
1712269070.6381867,17:17:50,-0.051298994570970535,0.020116405561566353,0.4277355968952179,0.04064774885773659,-0.04070603847503662,-0.22714339196681976,212.52430725097656,56.733192443847656,73.91545104980469,-0.06708774715662003,-0.17727038264274597,0.11474020779132843
1712269070.7387795,17:17:50,-0.024660740047693253,-0.06889621913433075,0.41751664876937866,0.04066861793398857,-0.03647424280643463,-0.2107357233762741,212.30831909179688,56.760345458984375,74.17475128173828,-0.0255489069968462,-0.03341161832213402,0.28639334440231323
1712269070.8434901,17:17:50,-0.04873985797166824,0.020900161936879158,0.40562930703163147,0.047083307057619095,-0.024615829810500145,-0.18996776640415192,212.18756103515625,56.52157211303711,74.64724731445312,0.040820568799972534,-0.13219010829925537,0.14263640344142914
1712269070.948283,17:17:50,-0.05095002055168152,0.02821522019803524,0.40761053562164307,0.04259828105568886,-0.011918529868125916,-0.17563293874263763,212.4007568359375,56.75690460205078,74.36466979980469,0.07737161219120026,-0.11465315520763397,-0.015616187825798988
1712269071.0488462,17:17:51,-0.05769682675600052,0.041800323873758316,0.434200644493103,0.03599950671195984,0.0013257241807878017,-0.1798066943883896,212.43557739257812,57.061485290527344,73.80377197265625,0.03397545590996742,-0.17072761058807373,-0.012602269649505615
1712269071.1539545,17:17:51,-0.030709601938724518,0.009666325524449348,0.45078033208847046,0.033216819167137146,0.012382488697767258,-0.18645082414150238,213.06887817382812,57.1507568359375,73.49862670898438,-0.11344610154628754,-0.07052687555551529,0.04612915962934494
1712269071.2562277,17:17:51,-0.01302831619977951,-0.04998353123664856,0.4455665946006775,0.03158963471651077,0.0050178528763353825,-0.18794439733028412,213.4574737548828,57.0888557434082,73.57483673095703,0.32037052512168884,0.1522357016801834,0.39632418751716614
1712269071.3572586,17:17:51,-0.008956966921687126,0.11651840806007385,0.4378502368927002,0.04081696271896362,0.03502889350056648,-0.15737393498420715,213.3514404296875,57.50983810424805,73.6679458618164,0.01348564401268959,0.06379152089357376,-0.062287162989377975
1712269071.4619489,17:17:51,-0.02268322929739952,0.08908694237470627,0.40385663509368896,0.04288928210735321,0.04530910402536392,-0.1607036143541336,213.3530731201172,57.473411560058594,73.92219543457031,0.1810542643070221,-0.007291652262210846,-0.07375685125589371
1712269071.566453,17:17:51,-0.03617684170603752,0.139247328042984,0.41438841819763184,0.029370099306106567,0.06166422367095947,-0.16706982254981995,213.360595703125,57.203269958496094,73.79106903076172,0.09913529455661774,0.053645357489585876,-0.11820123344659805
1712269071.6667223,17:17:51,-0.05095002055168152,0.1131221279501915,0.41355422139167786,0.030049724504351616,0.07404490560293198,-0.18211889266967773,213.73745727539062,56.743045806884766,73.5987319946289,-0.051779597997665405,0.04823926091194153,-0.17837661504745483
1712269071.7711275,17:17:51,-0.030011655762791634,0.0394490584731102,0.41376274824142456,0.03339735046029091,0.07084235548973083,-0.19469287991523743,214.284912109375,56.81867980957031,73.80966186523438,-0.02673923783004284,0.03447946906089783,-0.041778940707445145
1712269071.875456,17:17:51,-0.025707658380270004,0.01698138192296028,0.44306403398513794,0.039034634828567505,0.06188664212822914,-0.19322311878204346,215.19662475585938,56.72722244262695,73.50391387939453,-0.04964915290474892,-0.034768085926771164,0.21355032920837402
1712269071.9756887,17:17:51,-0.023730147629976273,0.04258408024907112,0.47455498576164246,0.04261120408773422,0.05323110148310661,-0.17762747406959534,215.89602661132812,56.93575668334961,73.40597534179688,-0.11582508683204651,-0.019438285380601883,-0.023045338690280914
1712269072.0804584,17:17:52,0.009033292531967163,-0.04457990452647209,0.4356604516506195,0.04802560806274414,0.03893041983246803,-0.1736837476491928,216.88739013671875,56.89411926269531,73.49275207519531,0.16822725534439087,0.12350417673587799,0.06858444213867188
1712269072.1809404,17:17:52,-0.02745252288877964,0.0245576910674572,0.423251748085022,0.05100097507238388,0.04465648531913757,-0.17621798813343048,217.58958435058594,56.9036750793457,73.4040756225586,-0.020530112087726593,-0.19231314957141876,0.1079852506518364
1712269072.2861302,17:17:52,-0.021519985049962997,0.0007837560842745006,0.3922821283340454,0.02778046578168869,0.03301187977194786,-0.17661653459072113,218.0973358154297,57.222354888916016,73.30496215820312,0.10336774587631226,-0.04957232624292374,0.03261951357126236
1712269072.3875706,17:17:52,-0.036409489810466766,0.01436886191368103,0.39541035890579224,0.024595001712441444,0.03836146742105484,-0.18276315927505493,219.2734375,56.888084411621094,73.87210083007812,-0.13192057609558105,-0.04847845807671547,-0.02439860999584198
1712269072.4924867,17:17:52,-0.025591334328055382,0.020116405561566353,0.432323694229126,0.02200399339199066,0.031577277928590775,-0.19728541374206543,220.1077423095703,57.110687255859375,73.46028900146484,-0.20547382533550262,0.021538611501455307,-0.21610824763774872
1712269072.5975266,17:17:52,0.0031325125601142645,-0.11685338616371155,0.4431682527065277,0.03237626329064369,0.005293823778629303,-0.22287757694721222,221.6261444091797,56.975669860839844,73.25753784179688,-0.09460829198360443,-0.07227036356925964,0.08627287298440933
1712269072.6982825,17:17:52,-0.04559910669922829,-0.1215815618634224,0.44087421894073486,0.034315209835767746,-0.002574680373072624,-0.23401501774787903,222.85812377929688,56.740135192871094,73.4843521118164,0.1802566945552826,0.21416957676410675,-0.44079071283340454
1712269072.803158,17:17:52,0.00043709477176889777,0.06557425856590271,0.45276156067848206,0.033668152987957,0.0063284155912697315,-0.2611432373523712,225.02716064453125,57.32708740234375,72.82889556884766,0.12191905826330185,0.3128242790699005,0.03049183450639248
1712269072.903881,17:17:52,-0.04606440290808678,0.07393432408571243,0.3845658004283905,0.05160113796591759,0.014046665281057358,-0.25598597526550293,225.9781036376953,57.342918395996094,73.66934967041016,0.09656815230846405,0.1720198690891266,-0.16773393750190735
1712269073.0092683,17:17:53,-0.02349749766290188,0.021161412820219994,0.38091614842414856,0.058756470680236816,0.022901372984051704,-0.2572290003299713,226.174072265625,56.92169952392578,74.75822448730469,0.1472405195236206,0.1865226924419403,0.12469615787267685
1712269073.110043,17:17:53,-0.03966657072305679,0.047547873109579086,0.41751664876937866,0.07096782326698303,0.04310061037540436,-0.24305832386016846,228.03567504882812,57.46345901489258,75.1168212890625,0.04957101494073868,0.04344838857650757,0.11569353938102722
1712269073.2118173,17:17:53,-0.037340082228183746,0.02717021107673645,0.4680899381637573,0.06963245570659637,0.04614051803946495,-0.22659415006637573,229.1642303466797,57.703956604003906,76.15274047851562,-0.04640704020857811,0.0405469611287117,-0.018014870584011078
1712269073.3173378,17:17:53,-0.025242362171411514,0.018026389181613922,0.4625633955001831,0.06845804303884506,0.03824273869395256,-0.22907567024230957,230.21946716308594,57.71474838256836,76.36539459228516,0.03966387361288071,0.028144512325525284,-0.000376017764210701
1712269073.418041,17:17:53,0.005536533892154694,0.00705380504950881,0.4380587935447693,0.0661628469824791,0.03712658956646919,-0.23217597603797913,231.15008544921875,57.95364761352539,77.51219940185547,-0.014977692626416683,-0.044534824788570404,-0.017437644302845
1712269073.4832819,17:17:53,-0.004652970004826784,-0.04525535926222801,0.38175034523010254,0.06151037663221359,0.029102748259902,-0.23541557788848877,231.7274627685547,58.288265228271484,78.48287963867188,0.10321466624736786,-0.08372871577739716,0.1294630914926529
1712269073.535847,17:17:53,-0.038852300494909286,0.018026389181613922,0.37674516439437866,0.06053546071052551,0.03684382140636444,-0.22976933419704437,231.54676818847656,58.36587905883789,79.81260681152344,0.12469765543937683,0.06287786364555359,-0.03331552445888519
1712269073.5955434,17:17:53,-0.0451338067650795,0.038665302097797394,0.3783092796802521,0.0655120387673378,0.045335449278354645,-0.2291620969772339,231.94024658203125,58.364742279052734,80.90248107910156,0.0812554657459259,-0.07039736211299896,-0.03600158914923668
1712269073.677071,17:17:53,-0.04827456548810005,0.026908960193395615,0.38863250613212585,0.06853589415550232,0.0520823709666729,-0.23373377323150635,231.95948791503906,58.86142349243164,81.4912109375,0.12584862112998962,-0.029163960367441177,-0.32494086027145386
1712269073.7818232,17:17:53,0.002841116162016988,-0.010807249695062637,0.4479649066925049,0.07049226015806198,0.054603539407253265,-0.2538500130176544,232.7059326171875,59.583377838134766,82.4417953491211,0.09286189824342728,0.033449724316596985,0.10541371256113052
1712269073.8823633,17:17:53,-0.05001942813396454,0.13532854616641998,0.4843568205833435,0.06845221668481827,0.06076721101999283,-0.25002869963645935,233.24200439453125,60.33954620361328,82.97126770019531,-0.39583027362823486,-0.15622393786907196,0.17963384091854095
1712269073.9871387,17:17:53,-0.03268711268901825,0.06139422953128815,0.4550556242465973,0.05831719562411308,0.04000499099493027,-0.2572059631347656,233.5224609375,60.452510833740234,83.25748443603516,-0.3778097629547119,-0.0025913268327713013,-0.2809585630893707
1712269074.0877128,17:17:54,-0.004536645486950874,-0.045930810272693634,0.3982258141040802,0.04704840108752251,0.013623582199215889,-0.2828942537307739,234.0364990234375,60.29959487915039,83.77104949951172,0.11990150064229965,0.13125482201576233,0.03641607612371445
1712269074.1927905,17:17:54,-0.04141142964363098,0.04101656749844551,0.3940548002719879,0.051024314016103745,0.030619841068983078,-0.280061811208725,234.3664093017578,60.614227294921875,84.6548080444336,0.04941810667514801,-0.01929900050163269,-0.10503632575273514
1712269074.2937026,17:17:54,-0.01826290600001812,0.024296438321471214,0.39144793152809143,0.0575774684548378,0.04902030900120735,-0.2757745683193207,234.38662719726562,61.13644027709961,85.68084716796875,0.11446516215801239,0.0022617392241954803,0.07753638923168182
1712269074.3990571,17:17:54,-0.04327261820435524,0.04598035663366318,0.42804840207099915,0.06683292984962463,0.06612473726272583,-0.26787880063056946,234.41815185546875,61.871768951416016,86.794189453125,0.12385521829128265,0.156490296125412,0.37659671902656555
1712269074.4998784,17:17:54,-0.05350915715098381,0.04310658574104309,0.4698626399040222,0.06997635215520859,0.07601878046989441,-0.228913351893425,234.20030212402344,62.324649810791016,87.5779037475586,0.20112966001033783,0.27957963943481445,-0.011913573369383812
1712269074.6048157,17:17:54,-0.0024428092874586582,0.06792552769184113,0.4541171193122864,0.08858440816402435,0.08285150676965714,-0.21647679805755615,233.5776824951172,62.52278518676758,89.21243286132812,-0.07295380532741547,0.11060170829296112,-0.08840516954660416
1712269074.7096481,17:17:54,-0.018146581947803497,0.01750388741493225,0.3924906551837921,0.08884876221418381,0.07339271157979965,-0.21330754458904266,233.3193817138672,62.724769592285156,89.18925476074219,0.02359515056014061,-0.010264568030834198,0.0029783460777252913
1712269074.8102548,17:17:54,-0.03454830124974251,0.043367840349674225,0.36214667558670044,0.08199574053287506,0.08179108053445816,-0.2086271345615387,233.3049774169922,62.555320739746094,89.8349609375,0.10529323667287827,-0.12666209042072296,0.035568512976169586
1712269074.915076,17:17:54,-0.04490115866065025,0.06217798590660095,0.38550424575805664,0.0697816014289856,0.1022566705942154,-0.2071705013513565,233.53024291992188,62.98015213012695,89.9419937133789,0.13156044483184814,-0.10894699394702911,-0.1971711367368698
1712269075.0157309,17:17:55,-0.027801495045423508,0.0394490584731102,0.4310723841190338,0.06786208599805832,0.11920439451932907,-0.2195778638124466,233.56674194335938,63.50817108154297,90.18238830566406,0.13094958662986755,-0.041751813143491745,-0.1269216388463974
1712269075.1205225,17:17:55,-0.028034143149852753,0.1549224555492401,0.48049867153167725,0.06808311492204666,0.13100486993789673,-0.23333579301834106,233.9215850830078,63.70388412475586,90.55281829833984,-0.10056834667921066,0.003757644444704056,0.3016003370285034
1712269075.2213948,17:17:55,-0.01977512054145336,0.19776779413223267,0.46308478713035583,0.06370717287063599,0.13798117637634277,-0.22572696208953857,233.7020263671875,63.50947189331055,90.79824829101562,-0.5379478931427002,-0.017011772841215134,-0.08935343474149704
1712269075.326289,17:17:55,-0.020473068580031395,0.0350077748298645,0.4081318974494934,0.06148821488022804,0.11282076686620712,-0.23162198066711426,233.30970764160156,62.94761276245117,91.3874740600586,-0.11375582218170166,-0.07239076495170593,-0.029971279203891754
1712269075.4310873,17:17:55,-0.025126038119196892,0.10005953162908554,0.4023967981338501,0.04861096292734146,0.11413219571113586,-0.22845743596553802,233.02320861816406,62.370452880859375,91.16220092773438,0.03523853421211243,-0.13372619450092316,-0.13061708211898804
1712269075.53183,17:17:55,-0.024777064099907875,0.04441284388303757,0.40448227524757385,0.040065065026283264,0.11908704042434692,-0.23144663870334625,233.1655731201172,62.16876220703125,91.10823822021484,0.010840177536010742,-0.08899956196546555,-0.021468069404363632
1712269075.6337223,17:17:55,-0.031989168375730515,0.09013194590806961,0.4271099269390106,0.03822982683777809,0.1322903335094452,-0.23313115537166595,233.1630401611328,61.90059280395508,90.97341918945312,-0.060409434139728546,0.04776158183813095,0.11678960919380188
1712269075.7385948,17:17:55,-0.016052745282649994,0.10815834254026413,0.4206448793411255,0.04324717819690704,0.13645657896995544,-0.21936246752738953,232.70248413085938,61.55317306518555,91.00074005126953,0.43214958906173706,0.16373422741889954,0.024321168661117554
1712269075.8433442,17:17:55,-0.024660740047693253,0.1183471754193306,0.4324279725551605,0.03642978146672249,0.15970724821090698,-0.21999625861644745,232.25869750976562,61.68693161010742,91.3224868774414,0.21956850588321686,0.24406301975250244,-0.09143779426813126
1712269075.944606,17:17:55,0.020980549976229668,0.11286088079214096,0.43138521909713745,0.034340232610702515,0.17239625751972198,-0.21687756478786469,231.95965576171875,62.081748962402344,91.31414031982422,-0.104240782558918,0.013535436242818832,-0.16347436606884003
1712269076.0461571,17:17:56,0.01165586058050394,0.06870928406715393,0.4043779969215393,0.025801021605730057,0.17178718745708466,-0.22597922384738922,231.58139038085938,61.66904067993164,91.5266342163086,-0.10267876833677292,-0.025915764272212982,-0.29848983883857727
1712269076.1511705,17:17:56,0.012384351342916489,0.06374549865722656,0.4129285514354706,0.022044595330953598,0.17654474079608917,-0.24221359193325043,231.4835662841797,62.005069732666016,90.47987365722656,-0.20072263479232788,-0.16977453231811523,-0.14271919429302216
1712269076.2559178,17:17:56,0.011364464648067951,0.08229438960552216,0.41949787735939026,0.008927571587264538,0.17398588359355927,-0.2535865008831024,231.80589294433594,62.121742248535156,90.61761474609375,0.09463070333003998,-0.19329282641410828,-0.21907734870910645
1712269076.3565896,17:17:56,0.008814744651317596,0.0997982770204544,0.42585861682891846,-0.0032306581269949675,0.18251074850559235,-0.26823610067367554,232.34274291992188,62.1832389831543,90.05169677734375,-0.19064337015151978,-0.32615602016448975,-0.5269534587860107
1712269076.4613972,17:17:56,0.007212064228951931,0.07837561517953873,0.4202277958393097,-0.015335731208324432,0.17206637561321259,-0.31909602880477905,233.0460662841797,62.44430160522461,90.14498138427734,-0.17812062799930573,-0.3634188175201416,-0.4130270779132843
1712269076.561569,17:17:56,0.032417863607406616,0.040232811123132706,0.417203813791275,-0.039879944175481796,0.15729551017284393,-0.34691643714904785,234.39657592773438,62.83750915527344,88.74442291259766,0.039652831852436066,-0.2669020891189575,-0.074607715010643
1712269076.667148,17:17:56,0.028192613273859024,0.05747544765472412,0.4283612370491028,-0.05491127446293831,0.16134285926818848,-0.3440738022327423,235.41261291503906,63.65506362915039,88.13603210449219,-0.11113502085208893,-0.05914195626974106,0.19635602831840515
1712269076.7654002,17:17:56,0.005463684909045696,0.0297827310860157,0.41793376207351685,-0.05989467725157738,0.14255891740322113,-0.3229716718196869,236.45240783691406,63.81996154785156,88.14799499511719,0.21325425803661346,-0.08737196773290634,0.024665020406246185
1712269076.852365,17:17:56,0.01449697744101286,0.04807037487626076,0.43555617332458496,-0.060794442892074585,0.15522757172584534,-0.30971017479896545,235.92416381835938,64.0743637084961,88.56487274169922,0.16346873342990875,-0.006126895546913147,-0.22181910276412964
1712269076.9566438,17:17:56,0.006993516348302364,0.09718575328588486,0.4467135965824127,-0.047815073281526566,0.16544955968856812,-0.3144354522228241,235.8262481689453,64.70056915283203,88.78228759765625,-0.050989653915166855,-0.10482238978147507,0.09482081234455109
1712269077.0599396,17:17:57,0.00247687054798007,0.09535699337720871,0.4150140583515167,-0.049324918538331985,0.17235848307609558,-0.29479604959487915,236.4772186279297,64.68424224853516,88.4723129272461,0.053162869065999985,0.11508909612894058,0.0038018962368369102
1712269077.1652515,17:17:57,0.002986814361065626,0.1355898082256317,0.4522401988506317,-0.03202236816287041,0.19149775803089142,-0.2787019610404968,237.1443634033203,65.16416931152344,87.73287963867188,0.013107270002365112,-0.016515441238880157,0.12640641629695892
1712269077.2640824,17:17:57,0.007940554991364479,0.11155461519956589,0.43472200632095337,-0.02675248496234417,0.19705906510353088,-0.2549830973148346,237.79444885253906,65.6515884399414,87.19471740722656,0.24961265921592712,0.041363127529621124,0.27712658047676086
1712269077.3591433,17:17:57,-0.056533586233854294,0.1614537537097931,0.42763131856918335,-0.022629551589488983,0.21662580966949463,-0.23213976621627808,238.1129608154297,65.80423736572266,87.2139892578125,0.001574452966451645,0.0574847087264061,0.09619329869747162
1712269077.4638631,17:17:57,-0.002675457624718547,0.13820232450962067,0.4156396985054016,-0.028780844062566757,0.22176015377044678,-0.20540276169776917,238.56130981445312,66.1115493774414,86.73365783691406,0.0997047871351242,0.0767926350235939,0.051064006984233856
1712269077.5671506,17:17:57,-0.05385812744498253,0.24845068156719208,0.4043779969215393,-0.01878310739994049,0.24731911718845367,-0.19485582411289215,238.91778564453125,66.28885650634766,86.09137725830078,-0.0869145393371582,0.05571778491139412,-0.0827154815196991
1712269077.6637423,17:17:57,0.003423909191042185,0.21422666311264038,0.41657817363739014,-0.022444112226366997,0.25349894165992737,-0.19053161144256592,238.82940673828125,66.22210693359375,86.25891876220703,0.057438526302576065,-0.08151628077030182,-0.05163446441292763
1712269077.7644734,17:17:57,0.0107088228687644,0.1912364959716797,0.4275270104408264,-0.03590763732790947,0.272830605506897,-0.18570639193058014,239.54920959472656,66.65338897705078,86.62223815917969,0.03300391510128975,-0.12702573835849762,0.10993939638137817
1712269077.8692117,17:17:57,0.021927589550614357,0.050421640276908875,0.4574539363384247,-0.05598728358745575,0.2611105740070343,-0.1727779358625412,240.44154357910156,67.04794311523438,85.93546295166016,0.3091149926185608,-0.21987725794315338,0.09711122512817383
1712269077.9698157,17:17:57,0.02200043760240078,0.18914645910263062,0.4735122621059418,-0.06327782571315765,0.27948448061943054,-0.16915373504161835,240.91622924804688,67.12730407714844,86.32533264160156,-0.25471362471580505,0.2055903822183609,-0.13471214473247528
1712269078.0746608,17:17:58,0.011145916767418385,0.1094646006822586,0.40031129121780396,-0.04747392237186432,0.26875224709510803,-0.17846539616584778,241.6031951904297,67.70022583007812,86.18443298339844,0.06220380961894989,0.03214492276310921,-0.13073937594890594
1712269078.1795926,17:17:58,0.014278429560363293,0.09849201142787933,0.39947709441185,-0.04033094272017479,0.26367971301078796,-0.19034506380558014,242.04852294921875,68.64089965820312,86.20232391357422,0.06751392781734467,-0.1059185042977333,0.10957439243793488
1712269078.2802234,17:17:58,0.015808261930942535,0.1473461389541626,0.40250107645988464,-0.04445187374949455,0.27123892307281494,-0.17936018109321594,242.3123321533203,68.86371612548828,85.74939727783203,0.23525220155715942,-0.15100307762622833,0.14167651534080505
1712269078.3850687,17:17:58,0.003569607390090823,0.13820232450962067,0.4288826286792755,-0.05784008651971817,0.30011454224586487,-0.17288576066493988,242.0607452392578,68.97514343261719,85.53514099121094,0.0345829539000988,0.02584240958094597,0.17283064126968384
1712269078.4857066,17:17:58,0.03387484699487686,0.11233837157487869,0.46954983472824097,-0.058440107852220535,0.28554660081863403,-0.1552233099937439,242.3145294189453,69.21552276611328,85.51984405517578,-0.21526092290878296,0.03286736086010933,0.240942120552063
1712269078.5904613,17:17:58,-0.024660740047693253,0.1131221279501915,0.4462965130805969,-0.06058095023036003,0.26714468002319336,-0.14036397635936737,242.39669799804688,68.84950256347656,84.89225006103516,6.906688213348389e-05,0.1605381965637207,-0.29264870285987854
1712269078.6920564,17:17:58,0.029868142679333687,0.07602433860301971,0.4235645830631256,-0.0467865876853466,0.2554744780063629,-0.16254739463329315,242.74122619628906,68.38579559326172,84.25555419921875,-0.0063581280410289764,0.07988536357879639,-0.17761805653572083
1712269078.7968702,17:17:58,0.017046695575118065,0.11259962618350983,0.40270960330963135,-0.032885871827602386,0.24726209044456482,-0.17687219381332397,242.18661499023438,68.03681945800781,83.80686950683594,-0.17996957898139954,0.13554447889328003,-0.17641393840312958
1712269078.8977034,17:17:58,0.005245137494057417,0.11286088079214096,0.38029050827026367,-0.018371298909187317,0.23643724620342255,-0.1884680688381195,240.8883056640625,67.09689331054688,84.36798095703125,-0.16129298508167267,-0.015640970319509506,-0.08689622581005096
1712269079.0038404,17:17:59,0.009324688464403152,0.09953702986240387,0.42982107400894165,-0.015201305039227009,0.21953366696834564,-0.19544503092765808,240.86648559570312,67.03607177734375,84.2698745727539,-0.3585738241672516,-0.008807443082332611,-0.2940770387649536
1712269079.1045969,17:17:59,0.006119327154010534,-0.0607907809317112,0.4716353118419647,-0.008489795960485935,0.1571984887123108,-0.21603864431381226,241.6404266357422,66.56934356689453,82.68805694580078,0.374159038066864,-0.24979379773139954,-0.04240058362483978
1712269079.2097094,17:17:59,0.03190791979432106,0.07915936410427094,0.5272138714790344,-0.02231554128229618,0.16710732877254486,-0.2208273857831955,242.5673370361328,66.06891632080078,81.10289764404297,-0.5128172636032104,0.22118331491947174,-0.13005974888801575
1712269079.3104322,17:17:59,0.0214176457375288,-0.1155024841427803,0.3903008997440338,-0.00902484729886055,0.1245269775390625,-0.22983302175998688,242.34188842773438,65.66400146484375,80.3743896484375,0.1820419281721115,0.025706442072987556,-0.06225370615720749
1712269079.4150083,17:17:59,0.00247687054798007,0.12148219347000122,0.3741382956504822,-0.006045543123036623,0.14903134107589722,-0.23438040912151337,242.25428771972656,64.74698638916016,79.60586547851562,0.12095540016889572,0.05380624532699585,-0.13677926361560822
1712269079.5153615,17:17:59,0.009178990498185158,0.09953702986240387,0.37716227769851685,-0.002084827283397317,0.1676185131072998,-0.2406732589006424,242.1680145263672,64.03631591796875,78.82940673828125,0.16860288381576538,-0.052484311163425446,0.12680909037590027
1712269079.620357,17:17:59,-0.0032570790499448776,0.04676411300897598,0.47413790225982666,-0.00792683381587267,0.18225693702697754,-0.22756540775299072,241.79318237304688,63.36581039428711,77.99180603027344,-0.2470909059047699,0.04891932010650635,0.34091734886169434
1712269079.7250273,17:17:59,-0.01058550737798214,0.017765138298273087,0.44004005193710327,-0.01725974678993225,0.15995557606220245,-0.1957937330007553,241.02557373046875,61.981163024902344,77.62437438964844,0.1573018878698349,-0.33073341846466064,0.18178695440292358
1712269079.8253534,17:17:59,0.0025497195310890675,0.03344025835394859,0.4671514928340912,-0.04598737508058548,0.1593378186225891,-0.19071748852729797,239.6180877685547,59.824642181396484,76.67240905761719,-0.08826594054698944,-0.040877871215343475,-0.09768389165401459
1712269079.9298384,17:17:59,0.022801777347922325,0.009405072778463364,0.40187540650367737,-0.055154647678136826,0.1459302008152008,-0.2000901848077774,239.2758026123047,57.941349029541016,75.59961700439453,0.09896425902843475,0.007075052708387375,-0.14960743486881256
1712269080.0342898,17:18:00,0.007503460627049208,0.099014513194561,0.3841486871242523,-0.04902922734618187,0.15486687421798706,-0.21085505187511444,237.90274047851562,56.17409133911133,76.4721908569336,0.0809832364320755,0.04202892631292343,-0.162589430809021
1712269080.134587,17:18:00,-0.005932536907494068,0.06609676033258438,0.39937281608581543,-0.04077700898051262,0.15831968188285828,-0.22727397084236145,237.5597686767578,55.22183609008789,77.60116577148438,0.13473938405513763,-0.11007652431726456,0.032582007348537445
1712269080.2391956,17:18:00,-0.005350915249437094,0.08647441864013672,0.45891377329826355,-0.04835304245352745,0.17367306351661682,-0.23092196881771088,237.81370544433594,54.431095123291016,77.48208618164062,-0.3273801803588867,-0.01997389644384384,0.17399731278419495
1712269080.343702,17:18:00,0.03030523844063282,-0.04187809303402901,0.44066569209098816,-0.06197504326701164,0.15116611123085022,-0.2228768914937973,238.3755340576172,53.33346939086914,76.38259887695312,0.10725043714046478,0.12663376331329346,-0.2578844130039215
1712269080.4440627,17:18:00,0.050557296723127365,-0.029719937592744827,0.42231330275535583,-0.05719314515590668,0.14366501569747925,-0.23261432349681854,238.1831817626953,52.27957534790039,75.46292114257812,0.12736977636814117,0.09898002445697784,0.10560773313045502
1712269080.5499732,17:18:00,0.014861222356557846,0.10606832802295685,0.38863250613212585,-0.04656947776675224,0.15680626034736633,-0.21317552030086517,236.9241485595703,50.53181076049805,76.2458267211914,-0.020781928673386574,0.2223033457994461,0.04206831380724907
1712269080.6522317,17:18:00,0.012311502359807491,0.05982671305537224,0.3750767707824707,-0.0285134669393301,0.15667222440242767,-0.1931619793176651,235.9902801513672,49.009124755859375,76.75238037109375,-0.026279715821146965,0.11906710267066956,0.22532787919044495
1712269080.752924,17:18:00,-0.008607994765043259,-0.022965405136346817,0.42210474610328674,-0.021445665508508682,0.1559728980064392,-0.16215002536773682,235.01950073242188,47.395172119140625,77.3632583618164,0.14231908321380615,0.023466698825359344,0.6749246716499329
1712269080.8576663,17:18:00,-0.026870902627706528,0.09457322955131531,0.4629804790019989,-0.024909652769565582,0.1515904814004898,-0.09814853966236115,233.2796173095703,46.11316680908203,77.62377166748047,0.0641283392906189,-0.12924960255622864,0.2619798183441162
1712269080.958307,17:18:00,-0.011632424779236317,0.07550183683633804,0.4654830992221832,-0.033530279994010925,0.1467967927455902,-0.08142538368701935,231.6573486328125,44.34701156616211,78.49481964111328,-0.08287180960178375,-0.06882955133914948,-0.055886924266815186
1712269081.0630925,17:18:01,0.00582793029025197,0.02926022745668888,0.4116772413253784,-0.04018448665738106,0.13802386820316315,-0.08975806087255478,230.12557983398438,43.27616882324219,78.76025390625,-0.06823843717575073,-0.07067988812923431,-0.13012537360191345
1712269081.1681142,17:18:01,0.001675529987551272,0.039710309356451035,0.37956058979034424,-0.043508660048246384,0.1377386450767517,-0.10053686052560806,229.3526153564453,42.58210372924805,79.5593032836914,-0.11786656826734543,-0.05534456670284271,-0.03961070626974106
1712269081.268719,17:18:01,-0.014773179776966572,0.07994312047958374,0.3837316036224365,-0.042173244059085846,0.14015457034111023,-0.11141671985387802,228.55235290527344,41.8215446472168,80.123046875,-0.020534779876470566,-0.01921023800969124,-0.1576758176088333
1712269081.3735347,17:18:01,-0.026289278641343117,0.03788154199719429,0.4275270104408264,-0.04388541728258133,0.13303248584270477,-0.1297329217195511,228.49407958984375,40.968971252441406,80.49720764160156,-0.0015979576855897903,-0.202775239944458,-0.26243922114372253
1712269081.4742444,17:18:01,0.04232534393668175,-0.03309720382094383,0.4592266082763672,-0.06259765475988388,0.11751534044742584,-0.1444537490606308,228.31224060058594,40.27336120605469,80.52405548095703,0.27115336060523987,-0.11786498129367828,-0.3134464621543884
1712269081.5790546,17:18:01,0.028629707172513008,0.020377658307552338,0.47726619243621826,-0.06260561943054199,0.11482507735490799,-0.16199244558811188,227.69009399414062,39.512752532958984,81.10920715332031,-0.021451078355312347,0.13839299976825714,0.17616203427314758
1712269081.67966,17:18:01,0.018649376928806305,0.06165548041462898,0.39238640666007996,-0.05037051439285278,0.10796468704938889,-0.14579442143440247,227.29078674316406,38.655364990234375,81.4744873046875,0.0709102600812912,0.10387471318244934,-0.02298147976398468
1712269081.7844126,17:18:01,0.027318423613905907,0.05852045491337776,0.3911350965499878,-0.03821200504899025,0.11589109897613525,-0.13408036530017853,225.83128356933594,38.177574157714844,82.53009796142578,0.09290140867233276,0.0861596167087555,0.16088895499706268
1712269081.8890846,17:18:01,0.009106140583753586,0.08124938607215881,0.40761053562164307,-0.03542034327983856,0.13224808871746063,-0.1128460168838501,224.58258056640625,37.885101318359375,83.74185943603516,0.32686281204223633,-0.0454818420112133,0.1395086795091629
1712269081.9895837,17:18:01,-0.0,0.05381792038679123,0.5111554861068726,-0.037408627569675446,0.15482299029827118,-0.09278576821088791,223.05462646484375,37.645957946777344,85.394775390625,-0.2073388546705246,-0.013411417603492737,0.4626563787460327
1712269082.095495,17:18:02,-0.007095779292285442,0.09509574621915817,0.45005038380622864,-0.0394272580742836,0.14960604906082153,-0.06068163365125656,221.576416015625,37.36252975463867,87.12158966064453,-0.06541106104850769,0.004772908985614777,-0.30881384015083313
1712269082.196566,17:18:02,0.012675749137997627,-0.03782537579536438,0.40980032086372375,-0.03897459805011749,0.13348141312599182,-0.08768437057733536,221.11085510253906,37.28434371948242,88.36837005615234,0.1655096560716629,-0.16091081500053406,0.000607738271355629
1712269082.3014112,17:18:02,-0.006514158099889755,0.07497933506965637,0.3895709812641144,-0.04442990943789482,0.1465061455965042,-0.09587880223989487,220.8092803955078,37.4028434753418,89.1899185180664,0.015580933541059494,-0.02097524330019951,-0.08535513281822205
1712269082.4027197,17:18:02,-0.004420321434736252,0.0796818658709526,0.37872639298439026,-0.04216251149773598,0.15399783849716187,-0.09916993975639343,220.49513244628906,37.7130126953125,90.65035247802734,0.15309098362922668,-0.13659881055355072,-0.22132819890975952
1712269082.5076091,17:18:02,0.01165586058050394,0.0788981169462204,0.4324279725551605,-0.04747258499264717,0.16821667551994324,-0.11336888372898102,220.83895874023438,38.21006393432617,91.92041015625,0.0082428939640522,-0.23230843245983124,-0.23522338271141052
1712269082.6084507,17:18:02,0.024185912683606148,0.016197625547647476,0.47518065571784973,-0.06574347615242004,0.15576916933059692,-0.12363043427467346,221.19667053222656,38.97858428955078,92.76915740966797,0.06719139218330383,-0.19809997081756592,0.09006235003471375
1712269082.7133446,17:18:02,0.027245575562119484,0.10293329507112503,0.4768490493297577,-0.07678434997797012,0.16486647725105286,-0.12381603568792343,221.5391845703125,39.41576385498047,93.62665557861328,-0.28191807866096497,0.15223126113414764,-0.15917067229747772
1712269082.8139718,17:18:02,0.037153057754039764,0.018026389181613922,0.38529571890830994,-0.06932956725358963,0.1543753743171692,-0.1356033980846405,221.79957580566406,40.159358978271484,94.10539245605469,-0.0311963502317667,0.06417471170425415,-0.029761526733636856
1712269082.9187737,17:18:02,0.009543236345052719,0.13637356460094452,0.3774750828742981,-0.05729590356349945,0.15531738102436066,-0.13019393384456635,221.74903869628906,41.09059524536133,95.18811798095703,-0.1850258857011795,0.1177506148815155,0.11488233506679535
1712269083.01936,17:18:03,-0.009305940009653568,-0.014184514991939068,0.38446152210235596,-0.048775989562273026,0.134238600730896,-0.1272970736026764,222.95980834960938,41.750282287597656,94.86712646484375,0.2577887177467346,0.10332074761390686,0.35879141092300415
1712269083.124136,17:18:03,0.007722008042037487,0.06374549865722656,0.46047788858413696,-0.045454226434230804,0.13897614181041718,-0.10092423111200333,221.96376037597656,42.69947814941406,95.47411346435547,-0.17623105645179749,-0.2430398315191269,0.4354550242424011
1712269083.2291744,17:18:03,0.012165805324912071,0.0297827310860157,0.47653624415397644,-0.07295186072587967,0.13681110739707947,-0.07485456764698029,221.5699005126953,44.08780288696289,96.30294799804688,0.040931545197963715,-0.11995050311088562,-0.1497538983821869
1712269083.329766,17:18:03,0.006410723552107811,-0.07159803062677383,0.4275270104408264,-0.07993010431528091,0.132953479886055,-0.09234858304262161,222.2556915283203,45.59188461303711,97.3277816772461,0.10537782311439514,-0.11292554438114166,-0.04590679705142975
1712269083.4346466,17:18:03,-0.02884841337800026,0.1585799753665924,0.4047951102256775,-0.07939493656158447,0.1573050320148468,-0.10953415930271149,222.29306030273438,47.04047775268555,98.23047637939453,-0.12644553184509277,0.1775408834218979,-0.22763919830322266
1712269083.5352845,17:18:03,0.015298317186534405,0.020638911053538322,0.3816460967063904,-0.05420025810599327,0.14180050790309906,-0.13184958696365356,223.02284240722656,48.13759231567383,98.08869171142578,0.0821649432182312,0.02146480605006218,-0.264596551656723
1712269083.6400669,17:18:03,0.007357761729508638,0.03840405121445656,0.44702646136283875,-0.04297688975930214,0.15055856108665466,-0.15021054446697235,223.9515838623047,49.59905242919922,98.23188018798828,0.02188172936439514,-0.05262584239244461,-0.05797625333070755
1712269083.7448087,17:18:03,0.011947257444262505,0.04650285840034485,0.4734079837799072,-0.042086243629455566,0.1486969143152237,-0.14573504030704498,223.88455200195312,50.825042724609375,98.24034118652344,0.20880649983882904,-0.11676669865846634,0.13841691613197327
1712269083.8452914,17:18:03,0.009033292531967163,0.11181586980819702,0.46600446105003357,-0.043785497546195984,0.16779771447181702,-0.14333786070346832,223.66163635253906,52.25859832763672,99.04872131347656,-0.1839798539876938,0.19660717248916626,-0.16884829103946686
1712269083.9499593,17:18:03,0.018722226843237877,0.03344025835394859,0.3984343409538269,-0.02567129209637642,0.15534432232379913,-0.15830852091312408,223.95614624023438,53.16310501098633,99.42607116699219,0.04822744429111481,0.07547745108604431,0.05183865875005722
1712269084.0512774,17:18:04,0.003059663577005267,0.11024835705757141,0.381958931684494,-0.015243589878082275,0.16464422643184662,-0.15064071118831635,224.0290069580078,54.23740005493164,100.0560073852539,0.07554402947425842,0.14684730768203735,0.1909639984369278
1712269084.156476,17:18:04,-0.022450579330325127,0.12931975722312927,0.3913436532020569,-0.0019052285933867097,0.18250365555286407,-0.13131092488765717,223.5090789794922,55.486698150634766,100.32713317871094,0.14579352736473083,0.0585772842168808,0.13323722779750824
1712269084.2578313,17:18:04,-0.0041876728646457195,0.0350077748298645,0.4733037054538727,0.003228697692975402,0.19075681269168854,-0.1212010383605957,223.00079345703125,57.20075225830078,99.77430725097656,-0.1202382892370224,-0.00770159438252449,0.4395861327648163
1712269084.362667,17:18:04,-0.027336198836565018,0.08281689882278442,0.4738251268863678,0.0013779682340100408,0.18066313862800598,-0.08834972232580185,222.75469970703125,58.22941970825195,99.70330810546875,-0.06476420164108276,-0.07003441452980042,-0.0347672700881958
1712269084.4653447,17:18:04,-0.026172956451773643,0.020377658307552338,0.4372246265411377,-0.002394305542111397,0.17597204446792603,-0.09879370778799057,223.05909729003906,58.787044525146484,99.04745483398438,-0.047049108892679214,-0.1622750610113144,0.3198399841785431
1712269084.5662072,17:18:04,-0.02070571482181549,0.1444723755121231,0.37028011679649353,-0.014615609310567379,0.1794547736644745,-0.08936881273984909,223.68820190429688,59.55976867675781,98.23779296875,0.0003841239959001541,-0.0637861043214798,-0.07012635469436646
1712269084.671029,17:18:04,-0.00011632424866547808,0.08908694237470627,0.369341641664505,-0.018205735832452774,0.18720713257789612,-0.10775855928659439,224.89500427246094,60.09920120239258,97.08946990966797,0.08285093307495117,-0.17252011597156525,-0.30194970965385437
1712269084.7716784,17:18:04,-0.01919350028038025,0.0067925527691841125,0.4277355968952179,-0.026478685438632965,0.1932631880044937,-0.14241331815719604,225.83889770507812,61.17717361450195,96.42184448242188,-0.040543846786022186,-0.16610603034496307,-0.1034185141324997
1712269084.877283,17:18:04,0.010126029141247272,0.11155461519956589,0.4682985246181488,-0.04357674717903137,0.18982422351837158,-0.15315565466880798,226.88885498046875,62.09211730957031,95.15115356445312,0.17051008343696594,-0.18351569771766663,-0.09700442850589752
1712269084.97807,17:18:04,0.020980549976229668,0.06348424404859543,0.49989384412765503,-0.04659491032361984,0.19223590195178986,-0.1698640137910843,228.50885009765625,62.770172119140625,93.64763641357422,-0.35666659474372864,0.2636376619338989,-0.11105433106422424
1712269085.0828934,17:18:05,0.03642456233501434,-0.04863262549042702,0.393429160118103,-0.032152846455574036,0.152401402592659,-0.17674824595451355,228.88565063476562,62.71920394897461,92.56217956542969,0.10102669894695282,-0.05419532209634781,0.13663919270038605
1712269085.185257,17:18:05,0.006483572535216808,0.15988624095916748,0.37935206294059753,-0.036042630672454834,0.17385539412498474,-0.16789047420024872,228.59080505371094,63.080875396728516,92.04711151123047,0.015607012435793877,0.033125702291727066,-0.11457693576812744
1712269085.290252,17:18:05,0.026298535987734795,0.12383346259593964,0.3926992416381836,-0.029807541519403458,0.18320035934448242,-0.1682257205247879,228.65179443359375,63.840309143066406,91.74299621582031,0.14834851026535034,-0.006791282445192337,-0.10498656332492828
1712269085.3909264,17:18:05,0.0006556421867571771,0.070015549659729,0.44368961453437805,-0.02374877780675888,0.19793739914894104,-0.17110341787338257,227.76608276367188,64.4056167602539,91.84805297851562,-0.14669939875602722,0.06987230479717255,0.2242698073387146
1712269085.4957383,17:18:05,-0.020473068580031395,0.030566487461328506,0.471426784992218,-0.02280711568892002,0.16910739243030548,-0.14888593554496765,227.34429931640625,64.72062683105469,91.15927124023438,0.1605658233165741,-0.2923707962036133,-0.028628408908843994
1712269085.5968227,17:18:05,-0.017448637634515762,0.028476471081376076,0.4566197097301483,-0.032643456012010574,0.16213025152683258,-0.1656985580921173,227.90777587890625,64.87062072753906,89.95684051513672,-0.1421179175376892,-0.0639071837067604,0.10942713916301727
1712269085.7018406,17:18:05,-0.009771237149834633,0.02769271470606327,0.38904958963394165,-0.03672640398144722,0.1410355269908905,-0.17065021395683289,228.73773193359375,64.95343017578125,88.0262222290039,0.07274776697158813,0.011374806985259056,-0.04872795566916466
1712269085.8025007,17:18:05,0.005973628722131252,0.0893481969833374,0.34806954860687256,-0.03069787472486496,0.1497677117586136,-0.17719675600528717,229.0950164794922,65.53731536865234,87.64862823486328,-0.2439093142747879,0.0319317951798439,-0.26201555132865906
1712269085.9074047,17:18:05,-0.0383870005607605,0.06897053867578506,0.36986300349235535,-0.02687455341219902,0.13464654982089996,-0.21155720949172974,229.9001922607422,65.85504913330078,86.05510711669922,0.12383157759904861,-0.1293366253376007,0.08434505015611649
1712269086.0080335,17:18:06,-0.016169071197509766,0.017765138298273087,0.4619377553462982,-0.03977710008621216,0.13063296675682068,-0.23657529056072235,230.46617126464844,65.91423797607422,85.31819915771484,-0.1027994304895401,0.038345880806446075,-0.0931113064289093
1712269086.1127357,17:18:06,0.04400087520480156,-0.06214168667793274,0.4372246265411377,-0.04539167881011963,0.10572388023138046,-0.2566505968570709,230.90313720703125,66.16954803466797,85.1664810180664,0.12688589096069336,0.1324191391468048,-0.3716658651828766
1712269086.2176516,17:18:06,0.043490931391716,-0.20263594388961792,0.4398314654827118,-0.04381701350212097,0.08387927711009979,-0.2858623266220093,231.6337890625,66.73162841796875,84.25955200195312,0.17636597156524658,-0.01999175176024437,0.06601908802986145
1712269086.3182285,17:18:06,0.01165586058050394,0.09117696434259415,0.393429160118103,-0.040779221802949905,0.10625314712524414,-0.27620935440063477,231.98538208007812,67.38445281982422,83.51659393310547,0.06305048614740372,0.23779338598251343,-0.17710527777671814
1712269086.4235065,17:18:06,0.021927589550614357,0.021422667428851128,0.3681946396827698,-0.019131800159811974,0.11866976320743561,-0.2775668799877167,232.01341247558594,67.99954223632812,82.7264633178711,0.13910320401191711,0.09149115532636642,0.139933779835701
1712269086.5241683,17:18:06,0.0007284912862814963,0.12487847357988358,0.38988378643989563,-0.015762167051434517,0.14789246022701263,-0.2551959156990051,231.72366333007812,68.51593780517578,82.41452026367188,0.3275551497936249,-0.13178008794784546,0.1188589334487915
1712269086.6289816,17:18:06,-0.025591334328055382,0.006008796859532595,0.4831055700778961,-0.027036497369408607,0.17046964168548584,-0.23776593804359436,231.7607421875,69.64755249023438,81.54767608642578,-0.02033262513577938,-0.18767425417900085,0.7996682524681091
1712269086.7296538,17:18:06,-0.06246612221002579,0.08830318599939346,0.4832098186016083,-0.04231298714876175,0.1673821657896042,-0.1923685073852539,232.18594360351562,70.10420989990234,81.34986877441406,-0.26773303747177124,0.12417244911193848,-0.2556014657020569
1712269086.8352146,17:18:06,0.00502658961340785,-0.342454731464386,0.42606720328330994,-0.03167188540101051,0.0908745750784874,-0.21168826520442963,232.74960327148438,70.078369140625,80.96946716308594,0.4436195492744446,-0.23257285356521606,0.23370160162448883
1712269086.9334764,17:18:06,0.006920667830854654,0.0013062601210549474,0.45276156067848206,-0.038451988250017166,0.09225223958492279,-0.20247413218021393,232.1083526611328,69.96174621582031,81.00434875488281,-0.1128787100315094,0.26222798228263855,0.12985451519489288
1712269087.0204678,17:18:07,-0.04652969911694527,0.03396276384592056,0.4105302393436432,-0.01478490699082613,0.0875495970249176,-0.208419069647789,231.84085083007812,69.86156463623047,80.98600006103516,-0.8223986625671387,0.40853020548820496,-0.10929922759532928
1712269087.124736,17:18:07,-0.01640171930193901,-0.45052722096443176,0.33951902389526367,0.006135481409728527,0.0012794977519661188,-0.22925011813640594,232.34051513671875,69.66448211669922,80.20777130126953,0.2927358150482178,0.03101549670100212,0.20590724050998688
1712269087.2286315,17:18:07,-0.023962795734405518,0.0833394005894661,0.39937281608581543,0.00914814043790102,0.02129327692091465,-0.22441302239894867,231.98916625976562,69.45877075195312,80.05976104736328,0.13177281618118286,-0.1253660023212433,0.07732009887695312
1712269087.3318672,17:18:07,0.017629489302635193,0.022728927433490753,0.42074915766716003,-0.004055559169501066,0.018012210726737976,-0.2204633504152298,232.2089385986328,69.44950103759766,80.50492858886719,-0.14586544036865234,-0.06672294437885284,0.09717322140932083
1712269087.4370723,17:18:07,-0.019077176228165627,-0.006754531059414148,0.42669281363487244,-0.007661346811801195,0.014802361838519573,-0.21285827457904816,232.4638671875,69.47742462158203,80.75299072265625,0.002994624897837639,0.12470702826976776,0.0272536464035511
1712269087.535869,17:18:07,0.013185692019760609,0.02299017831683159,0.4637104272842407,0.007603337988257408,0.008519100025296211,-0.21767255663871765,232.47958374023438,69.23458099365234,80.67420959472656,0.014295632019639015,0.3656933903694153,-0.02008841000497341
1712269087.6392107,17:18:07,-0.02605663239955902,0.026386454701423645,0.4096960425376892,0.03616875782608986,0.010855360887944698,-0.22063706815242767,231.9491729736328,68.82267761230469,80.90348052978516,-0.17789237201213837,0.06167825311422348,0.1508314460515976
1712269087.7466514,17:18:07,-0.06258244812488556,-0.07835256308317184,0.4041694700717926,0.05118263512849808,-0.008792304433882236,-0.20797881484031677,231.76171875,68.4937973022461,80.94051361083984,-0.08931691199541092,-0.045223161578178406,0.2268841713666916
1712269087.8472207,17:18:07,-0.04536645859479904,0.009927577339112759,0.40469083189964294,0.0463944710791111,-0.018078042194247246,-0.1930183321237564,231.8506622314453,67.84971618652344,81.3145980834961,-0.1562480926513672,-0.1004650890827179,0.15124042332172394
1712269087.9519558,17:18:07,-0.05199693888425827,0.05747544765472412,0.40448227524757385,0.03184637054800987,-0.006573075894266367,-0.18987497687339783,231.83547973632812,67.2832260131836,81.37648010253906,0.05266782268881798,-0.2263033241033554,0.05166938900947571
